id,url,title,tags,score,creationDate
P1,https://stackoverflow.com/questions/38966592,Run webpack build during docker-compose build process,<docker><npm><webpack><docker-compose><npm-install>,3,2016/8/16
P2,https://stackoverflow.com/questions/58600986,GitLab CI - Trying to use docker buildx to build for ARM64,<git><docker><gitlab><gitlab-ci><docker-in-docker>,11,2019/10/29
P3,https://stackoverflow.com/questions/58924215,docker build certbot e-mail input,<docker><certbot>,3,2019/11/18
P4,https://stackoverflow.com/questions/38576020,Use STDIN during docker build from a Dockerfile,<docker><dockerfile>,2,2016/7/25
P5,https://stackoverflow.com/questions/58327096,Unable to copy file during docker build,<docker>,2,2019/10/10
P6,https://stackoverflow.com/questions/58349741,"Local npm dependency ""does not a contain a package.json file"" in docker build, but runs fine with npm start",<reactjs><docker><npm><dependencies><dockerfile>,3,2019/10/12
P7,https://stackoverflow.com/questions/58547778,Docker builder build vs docker build,<docker>,14,2019/10/24
P8,https://stackoverflow.com/questions/39278756,Cache `go get` in docker build,<unit-testing><go><docker><docker-compose>,13,2016/9/1
P9,https://stackoverflow.com/questions/66193016,How to pass jenkins credentials into docker build command?,<docker><jenkins><jenkins-pipeline><devops><credentials>,1,2021/2/14
P10,https://stackoverflow.com/questions/59139453,Repository is not signed in docker build,<docker><ubuntu><apt>,206,2019/12/2
P11,https://stackoverflow.com/questions/59288142,Docker: COPY can't find files in local directory where the `docker build` runs,<docker>,3,2019/12/11
P12,https://stackoverflow.com/questions/47074457,How to Specify $docker build --network=''host'' mode in docker-compose at the time of build,<docker><docker-compose><dockerfile><docker-build>,40,2017/11/2
P13,https://stackoverflow.com/questions/44708481,How to install local packages using pip as part of a docker build?,<python><docker><pip>,50,2017/6/22
P14,https://stackoverflow.com/questions/44907444,Error 137 on docker build command on Win7,<docker><docker-build>,3,2017/7/4
P15,https://stackoverflow.com/questions/39100587,docker build --no-cache=true still builds with cache?,<caching><docker>,2,2016/8/23
P16,https://stackoverflow.com/questions/58757072,Can't install Python package located in private Nexus repo on docker build,<python><docker><nexus><pypi>,3,2019/11/7
P17,https://stackoverflow.com/questions/28829117,docker build on a private git repo containing the Dockerfile?,<git><github><docker><dockerfile>,2,2015/3/3
P18,https://stackoverflow.com/questions/66211996,How to correctly pass ssh key file from Jenkins credentials variable into to docker build command?,<docker><jenkins><devops><credentials><jenkins-docker>,7,2021/2/15
P19,https://stackoverflow.com/questions/66602656,No module named 'numpy' during docker build,<python><docker><numpy><spacy><huggingface-transformers>,5,2021/3/12
P20,https://stackoverflow.com/questions/58276248,I can't find my jar file when trying to copy it in a multi stage docker build,<java><spring-boot><docker><gradle><dockerfile>,1,2019/10/7
P21,https://stackoverflow.com/questions/58375795,"How to do configure,make and make install in docker build",<docker><makefile><configure>,4,2019/10/14
P22,https://stackoverflow.com/questions/47095410,Access ssh keys during docker-compose build in flask project,<python><docker><flask><ssh><docker-compose>,5,2017/11/3
P23,https://stackoverflow.com/questions/69806659,"Multi-stage docker build, prevent concurency for specific stage",<docker><docker-multi-stage-build><buildx>,1,2021/11/2
P24,https://stackoverflow.com/questions/44705455,After docker-compose build the docker-compose up run old not updated containers,<docker><deployment><docker-compose>,3,2017/6/22
P25,https://stackoverflow.com/questions/58779131,"Why aren't my docker images, built by ""docker-compose build"", using the correct version of my code?",<docker><docker-compose>,1,2019/11/9
P26,https://stackoverflow.com/questions/69585684,running dpkg command in docker build in jenkins pipeline throws ''cannot access archive: No such file or directory'',<docker><jenkins-pipeline>,3,2021/10/15
P27,https://stackoverflow.com/questions/58488535,What's the purpose of "docker build --pull"?,<docker>,111,2019/10/21
P28,https://stackoverflow.com/questions/69788651,Github private packages are not installing in docker build,<node.js><typescript><docker>,2,2021/10/31
P29,https://stackoverflow.com/questions/39589006,windows "C:/Users/<username>/" directories not visible during `docker build` command,<linux><windows><docker>,1,2016/9/20
P30,https://stackoverflow.com/questions/58449076,docker-compose build fails with no such file or directory,<docker><docker-compose>,2,2019/10/18
P31,https://stackoverflow.com/questions/58721529,Where to find publish files of a dotnet application build using docker-compose build in a docker container using swarm?,<docker><docker-compose><docker-swarm>,1,2019/11/6
P32,https://stackoverflow.com/questions/39597925,How do I set environment variables during the "docker build" process?,<docker><dockerfile><environment-variables><docker-build>,239,2016/9/20
P33,https://stackoverflow.com/questions/58847740,Apply conditional switches to docker build command depending on presence of environment variable,<bash>,1,2019/11/14
P34,https://stackoverflow.com/questions/69781117,Does docker buildkit work with a mounted docker.sock and docker compose?,<docker><docker-compose><docker-in-docker><docker-buildkit>,1,2021/10/30
P35,https://stackoverflow.com/questions/50230399,What is the difference between `docker-compose build` and `docker build`?,<docker><docker-compose><dockerfile>,149,2018/5/8
P36,https://stackoverflow.com/questions/31274954,Why are there differences in docker pull and docker build in IBM Container Service?,<docker><ibm-cloud>,2,2015/7/7
P37,https://stackoverflow.com/questions/69822320,Apache Druid - docker build for arm architecture,<docker><arm64><apple-m1><druid>,1,2021/11/3
P38,https://stackoverflow.com/questions/57154868,Why does docker-compose build a new image on `docker-compose up`?,<python><docker><docker-compose>,2,2019/7/22
P39,https://stackoverflow.com/questions/57267898,Difference in environment when using 'docker build' or 'docker run',<docker><conda>,1,2019/7/30
P40,https://stackoverflow.com/questions/76508500,"""Text file busy"" during a docker build",<docker><npm-install>,5,2023/6/19
P41,https://stackoverflow.com/questions/54111885,"`docker build` command hangs for a very long time, other commands work fine",<docker>,5,2019/1/9
P42,https://stackoverflow.com/questions/54115129,"""docker build"" requires exactly 1 argument - docker build error",<docker><dockerfile>,1,2019/1/9
P43,https://stackoverflow.com/questions/33309120,"If a service is started during docker build, should it be running at runtime?",<mysql><ruby-on-rails><docker><debian>,2,2015/10/23
P44,https://stackoverflow.com/questions/59254801,redirect stdout and stderr while executing docker build > CMD,<bash><docker><dockerfile>,1,2019/12/9
P45,https://stackoverflow.com/questions/70328885,docker build stuck on dotnet restore,<docker><.net-core><nuget><nuget-package-restore><.net-6.0>,2,2021/12/13
P46,https://stackoverflow.com/questions/76481950,Azure Webapp: Unable to install docker buildx in SSH,<linux><azure><docker><ssh><azure-web-app-service>,1,2023/6/15
P47,https://stackoverflow.com/questions/76491765,docker buildx failing with Problem executing scripts APT::Update::Post-Invoke,<python><docker><amazon-ecr>,5,2023/6/16
P48,https://stackoverflow.com/questions/34974579,Issues with docker build command and github,<docker>,1,2016/1/24
P49,https://stackoverflow.com/questions/34990458,docker-compose build and http_proxy,<elasticsearch><proxy><docker>,8,2016/1/25
P50,https://stackoverflow.com/questions/67917256,GitLab CI docker build - docker: not found - exit code 127,<java><docker><maven><dockerfile><gitlab-ci>,2,2021/6/10
P51,https://stackoverflow.com/questions/51255945,Error greenlet docker build,<django><python-3.x><docker><gevent><greenlets>,6,2018/7/10
P52,https://stackoverflow.com/questions/54069982,Large Docker context slowing down docker-compose build,<scala><docker><docker-compose><sbt>,3,2019/1/7
P53,https://stackoverflow.com/questions/54086419,Receiving 'The SSL connection could not be established' message when restoring packages after running docker-compose build,<.net><docker><nuget>,29,2019/1/8
P54,https://stackoverflow.com/questions/73626542,Reuse steps in docker build image. Cache?,<docker><dockerfile>,7,2022/9/6
P55,https://stackoverflow.com/questions/74951062,--build-arg is not working for my docker build,<docker>,1,2022/12/29
P56,https://stackoverflow.com/questions/55805917,kaniko docker build: can't find command,<docker><kaniko>,2,2019/4/23
P57,https://stackoverflow.com/questions/55921914,How to source a script with environment variables in a docker build process?,<docker><dockerfile>,25,2019/4/30
P58,https://stackoverflow.com/questions/55930279,How to build a docker build file that can run my c++ program in busybox?,<docker><dockerfile>,2,2019/5/1
P59,https://stackoverflow.com/questions/56100217,How to accept the license agreement when building rti-connext-dds-5.3.1 with docker build?,<docker><installation><dockerfile><apt-get><data-distribution-service>,6,2019/5/12
P60,https://stackoverflow.com/questions/73639623,How can I pass the gitlab job token into a docker build without causing a cache miss?,<docker><gitlab>,6,2022/9/7
P61,https://stackoverflow.com/questions/74965146,"windows 11 home: docker buildx, failed to initilize builder, error during connect, no such host",<docker><buildx>,3,2022/12/30
P62,https://stackoverflow.com/questions/55778949,Failed docker build has no logs - "configured logging driver does not support reading",<docker><logging><digital-ocean>,5,2019/4/21
P63,https://stackoverflow.com/questions/55849976,Golang Dockerfile : Unable to find packages in docker build but runs normally,<go><dockerfile>,1,2019/4/25
P64,https://stackoverflow.com/questions/56165027,Docker does not create a new container when using docker-compose build,<windows><powershell><docker>,6,2019/5/16
P65,https://stackoverflow.com/questions/55940720,Building MySQL image from base image with docker build?,<mysql><docker><dockerfile>,1,2019/5/1
P66,https://stackoverflow.com/questions/56082506,docker-compose build with new tag,<docker><docker-compose>,1,2019/5/10
P67,https://stackoverflow.com/questions/56230886,fatal error: *.h: No such file or directory. While running docker build command to create image for python project,<python><docker><kubernetes><dockerfile>,2,2019/5/21
P68,https://stackoverflow.com/questions/39084363,installation of nodejs returned a non-zero code: 1 with docker build,<node.js><docker><dockerfile>,2,2016/8/22
P69,https://stackoverflow.com/questions/75321567,Nuxt3: How to set runtime environment variables after docker build via process.env,<node.js><docker><vue.js><environment-variables><nuxt.js>,3,2023/2/2
P70,https://stackoverflow.com/questions/65177362,how to access http://host.docker.internal:80 in docker-compose build,<docker><docker-compose>,1,2020/12/7
P71,https://stackoverflow.com/questions/68590646,multi stage docker build with nginx image,<docker><nginx>,2,2021/7/30
P72,https://stackoverflow.com/questions/52798237,"How can I optimize docker builds of multiple, related maven java projects? (caching)",<java><maven><docker>,4,2018/10/13
P73,https://stackoverflow.com/questions/75464099,Why could git not clone private repo during docker build with '--mount=type=ssh',<git><docker><github><ssh><ssh-agent>,1,2023/2/15
P74,https://stackoverflow.com/questions/56346114,Why can't docker build COPY files to the /dev folder?,<docker>,8,2019/5/28
P75,https://stackoverflow.com/questions/42548375,Why docker build is so slow,<performance><docker>,16,2017/3/2
P76,https://stackoverflow.com/questions/61814118,How to add labels to intermediate images in a multi-stage docker build?,<docker>,2,2020/5/15
P77,https://stackoverflow.com/questions/62015062,Access running container during new container docker build,<docker><docker-compose>,1,2020/5/26
P78,https://stackoverflow.com/questions/43584688,should I run composer install inside my docker build,<php><docker>,10,2017/4/24
P79,https://stackoverflow.com/questions/67923109,CodeBuild failing to pull file from S3 in docker build,<amazon-web-services><aws-codebuild>,1,2021/6/10
P80,https://stackoverflow.com/questions/42346498,dotnet aspnetcore docker build fails with a 145 error code,<.net><docker><asp.net-core><docker-toolbox>,13,2017/2/20
P81,https://stackoverflow.com/questions/39651908,Why node_modules is empty after docker build?,<docker><docker-compose><dockerfile>,2,2016/9/23
P82,https://stackoverflow.com/questions/34120504,How can I make docker-compose build an image from a remote git repository?,<git><docker><docker-compose>,64,2015/12/6
P83,https://stackoverflow.com/questions/24521535,how can I support http_proxy or logic control in Dockerfile during docker build?,<docker>,3,2014/7/2
P84,https://stackoverflow.com/questions/44184661,Set DNS options during docker build,<docker><dns>,42,2017/5/25
P85,https://stackoverflow.com/questions/45978035,unable to build docker-compose build,<django><docker><docker-compose><dockerfile>,1,2017/8/31
P86,https://stackoverflow.com/questions/45998130,Jenkins Pipeline docker.build() gives error '"docker build" requires exactly 1 argument(s)',<docker><jenkins><jenkins-pipeline>,26,2017/9/1
P87,https://stackoverflow.com/questions/59542605,.Net Core multi project docker build,<c#><docker><asp.net-core><dockerfile>,2,2019/12/31
P88,https://stackoverflow.com/questions/40748918,Running gulp in `docker-compose build`,<node.js><docker><gulp><docker-compose><dockerfile>,1,2016/11/22
P89,https://stackoverflow.com/questions/61590317,Use socks5 proxy from host for docker build,<docker><proxy><dns><socks><tunnel>,16,2020/5/4
P90,https://stackoverflow.com/questions/42559126,docker build purely from command line,<docker><dockerfile>,6,2017/3/2
P91,https://stackoverflow.com/questions/44724919,docker-compose build build each Dockerfile as many time as they are used,<docker-compose>,1,2017/6/23
P92,https://stackoverflow.com/questions/45326753,How to make docker-compose build image once and repeatedly use it to run containers?,<docker><docker-compose>,8,2017/7/26
P93,https://stackoverflow.com/questions/59098232,How to cross-compile tensorflow-serving on docker build image with bazel when copts contain spaces,<linux><docker><cross-compiling><bazel><tensorflow-serving>,1,2019/11/29
P94,https://stackoverflow.com/questions/65325129,Execute Spring buildpacks when calling docker-compose build command,<spring><docker><docker-compose><buildpack><paketo>,10,2020/12/16
P95,https://stackoverflow.com/questions/59148598,How to get gcloud.auth.docker-helper out of the habit to hook into non-related docker build?,<docker><gcloud>,16,2019/12/3
P96,https://stackoverflow.com/questions/39868369,Run docker-compose build in .gitlab-ci.yml,<docker><docker-compose><gitlab-ci>,105,2016/10/5
P97,https://stackoverflow.com/questions/60080264,Docker - Cannot build multi-platform images with docker buildx,<linux><docker>,21,2020/2/5
P98,https://stackoverflow.com/questions/60207417,Docker-compose up exited with code 1 but successful docker-compose build,<node.js><postgresql><docker><docker-compose>,3,2020/2/13
P99,https://stackoverflow.com/questions/41354864,Cannot use process substitution during docker build because bash goes into posix mode,<bash><shell><docker><dockerfile>,3,2016/12/28
P100,https://stackoverflow.com/questions/47729892,When does docker-compose build a local image and when does it pull from docker hub?,<docker><docker-compose><dockerhub>,1,2017/12/9
P101,https://stackoverflow.com/questions/40878888,How to access files outside of docker-compose build context?,<docker><docker-compose><dockerfile>,2,2016/11/30
P102,https://stackoverflow.com/questions/30573501,docker build + private NPM (+ private docker hub),<node.js><docker><npm><docker-registry><npm-private-modules>,26,2015/6/1
P103,https://stackoverflow.com/questions/47947747,Make docker build fail if tests fail,<node.js><docker><mocha.js>,7,2017/12/22
P104,https://stackoverflow.com/questions/59737482,Changes to my dockerfile are not reflected when running `docker build`,<docker>,2,2020/1/14
P105,https://stackoverflow.com/questions/60603533,Layers between docker builds can't be shared,<docker><docker-layer>,3,2020/3/9
P106,https://stackoverflow.com/questions/60430255,using docker buildx failed to push image to resgistry: no such host,<docker>,4,2020/2/27
P107,https://stackoverflow.com/questions/60448114,How do I reuse the cache from a `RUN --mount=type=cache` docker build?,<docker><dockerfile><docker-buildkit>,13,2020/2/28
P108,https://stackoverflow.com/questions/60498355,docker-compose build copy failed,<c#><docker><.net-core><docker-compose><digital-ocean>,1,2020/3/3
P109,https://stackoverflow.com/questions/48398983,Nesting parameters in --build-arg of docker build command,<docker><dockerfile>,1,2018/1/23
P110,https://stackoverflow.com/questions/59506143,cannot copy from one stage to another in multi stage docker build,<java><docker><ubuntu><taurus>,1,2019/12/27
P111,https://stackoverflow.com/questions/59824331,Whati is the purpose of docker build output?,<docker><build><continuous-integration><dockerfile>,15,2020/1/20
P112,https://stackoverflow.com/questions/70105647,docker build vue3 not compatible with element-ui on node:16-buster-slim,<node.js><docker><vue.js><npm>,5,2021/11/25
P113,https://stackoverflow.com/questions/59464404,COPY files - next to Dockerfile - don't work and block docker build,<docker><dockerfile><mlflow><python-poetry>,2,2019/12/24
P114,https://stackoverflow.com/questions/59476253,docker build error: psql: could not connect to server: Connection refused,<postgresql><docker><dockerfile>,3,2019/12/25
P115,https://stackoverflow.com/questions/40186104,Yarn warning on docker build,<docker><yarnpkg>,17,2016/10/21
P116,https://stackoverflow.com/questions/40429508,Shortcut command for docker-compose build + down + up,<docker><docker-compose>,21,2016/11/4
P117,https://stackoverflow.com/questions/60033236,Mount-ing a CDROM repo during docker build,<docker><mount>,1,2020/2/3
P118,https://stackoverflow.com/questions/23235612,"Dockerfile works when every line run interactively, but fails using docker build",<build><checksum><docker><sha>,1,2014/4/23
P119,https://stackoverflow.com/questions/25790479,automated docker build run error: Unable to find image,<build><automation><docker>,2,2014/9/11
P120,https://stackoverflow.com/questions/66303615,How to multiarch build images sequentially with docker buildx,<docker><multiarch><buildx>,3,2021/2/21
P121,https://stackoverflow.com/questions/66306494,Why docker build with --squash create intermidiate image,<docker>,1,2021/2/21
P122,https://stackoverflow.com/questions/39912557,launch basic bash script on docker build from windows system,<windows><bash><docker><dockerfile>,1,2016/10/7
P123,https://stackoverflow.com/questions/59554493,Unable to fire a docker build for Django and Mysql,<python><mysql><django><docker><docker-compose>,7,2020/1/1
P124,https://stackoverflow.com/questions/59568111,how to make docker build run python manage.py migrate,<python><django><docker>,1,2020/1/2
P125,https://stackoverflow.com/questions/62781585,docker build ERROR: Could not install packages due to an EnvironmentError: [Errno 2],<django><docker>,1,2020/7/7
P126,https://stackoverflow.com/questions/63580785,dotnet publish fails during docker build,<c#><.net><docker><.net-core>,2,2020/8/25
P127,https://stackoverflow.com/questions/65794523,How to determine the last successful layer in failing docker builds,<docker>,10,2021/1/19
P128,https://stackoverflow.com/questions/40445844,docker build hangs in directory with many files,<windows><docker>,4,2016/11/6
P129,https://stackoverflow.com/questions/28954067,How to route to host in docker container during 'docker build',<routes><docker><containers><host>,2,2015/3/10
P130,https://stackoverflow.com/questions/49065709,npm install inside docker build,<node.js><ubuntu><docker><networking><virtual-machine>,1,2018/3/2
P131,https://stackoverflow.com/questions/60118436,docker build question no permission to read from,<docker><ubuntu>,11,2020/2/7
P132,https://stackoverflow.com/questions/63265110,gitlab ci can not find docker buildx command with shell executor,<docker><gitlab><gitlab-ci-runner>,1,2020/8/5
P133,https://stackoverflow.com/questions/44104160,angular-cli ng command not found even if it is installed while docker building an image,<docker><dockerfile><angular-cli>,2,2017/5/22
P134,https://stackoverflow.com/questions/46779911,ASP.NET Core docker build error,<c#><docker><asp.net-core><docker-compose><asp.net-core-2.0>,65,2017/10/16
P135,https://stackoverflow.com/questions/67088512,Should I run tests during the docker build?,<python><docker><testing><python-poetry>,6,2021/4/14
P136,https://stackoverflow.com/questions/68672757,How to pass docker build command arguments to bash files,<bash><docker>,1,2021/8/5
P137,https://stackoverflow.com/questions/68709164,docker build fails with access denied or repository not exist,<asp.net><docker><dockerfile>,1,2021/8/9
P138,https://stackoverflow.com/questions/64284880,docker build invalid tag,<git><docker>,3,2020/10/9
P139,https://stackoverflow.com/questions/64309338,"""RTNETLINK answers: Operation not permitted"" during `docker build`",<docker><network-programming>,1,2020/10/11
P140,https://stackoverflow.com/questions/65763391,docker build logs are different from what I'm used to,<docker><dockerfile><docker-build>,2,2021/1/17
P141,https://stackoverflow.com/questions/28880135,ASP.NET 5: docker build with multi-projects solution,<docker><asp.net-core>,21,2015/3/5
P142,https://stackoverflow.com/questions/32614762,Installing maven in a docker build overrides JAVA 8 with JAVA 7(!),<maven><docker><dockerfile>,7,2015/9/16
P143,https://stackoverflow.com/questions/67326850,React/Next.js docker build failing when trying to reach out to local API endpoint,<node.js><reactjs><docker><next.js><alpine-linux>,7,2021/4/30
P144,https://stackoverflow.com/questions/64472973,How to ignore docker buildkit flags when building normally,<docker><docker-buildkit>,5,2020/10/21
P145,https://stackoverflow.com/questions/63891067,Is there a way to export files during a docker build?,<docker>,3,2020/9/14
P146,https://stackoverflow.com/questions/63853835,docker-compose build fail with file not found,<docker><docker-compose><tomcat8>,1,2020/9/11
P147,https://stackoverflow.com/questions/27435479,Pass --net=host to docker build,<docker>,28,2014/12/12
P148,https://stackoverflow.com/questions/64804749,Why is docker build not showing any output from commands?,<docker><docker-build>,447,2020/11/12
P149,https://stackoverflow.com/questions/67571974,Gitlab CI runner fails at docker-compose build with profiles,<docker><docker-compose><gitlab-ci>,1,2021/5/17
P150,https://stackoverflow.com/questions/31677245,php app files permission after docker build,<apache><docker><file-permissions><dockerfile>,2,2015/7/28
P151,https://stackoverflow.com/questions/30159783,How to test the container or image after docker build?,<docker><dockerfile>,38,2015/5/11
P152,https://stackoverflow.com/questions/30179716,What are <none> repository and tags? Why do they appear when I use docker build?,<docker>,52,2015/5/12
P153,https://stackoverflow.com/questions/69443569,Is there an elegant way to have conda install a 3rd party golang package during a docker build?,<docker><go><conda>,1,2021/10/5
P154,https://stackoverflow.com/questions/49919944,Running docker build on a dockerfile located within a container,<docker><dockerfile><docker-build>,1,2018/4/19
P155,https://stackoverflow.com/questions/64143658,Connecting to dotnet.testcontainer within docker build fails with message "Cannot assign requested address /var/run/docker.sock",<docker><.net-core><testcontainers>,2,2020/9/30
P156,https://stackoverflow.com/questions/42297387,docker build with --build-arg with multiple arguments,<docker><build><arguments>,419,2017/2/17
P157,https://stackoverflow.com/questions/49155890,docker build ignore existing data and database config stored in my volume,<docker><docker-compose><docker-volume><data-persistence>,2,2018/3/7
P158,https://stackoverflow.com/questions/64521556,docker build failed at 'Downloading mariadb',<docker><mariadb><suse><zypper>,1,2020/10/25
P159,https://stackoverflow.com/questions/45537948,Cannot docker build because of "Couldn't run auplink before unmount" error,<docker><dockerfile>,2,2017/8/7
P160,https://stackoverflow.com/questions/65614378,Getting docker build to show IDs of intermediate containers,<docker>,51,2021/1/7
P161,https://stackoverflow.com/questions/30908845,Pull docker images from a private repository during docker build?,<docker><dockerfile><docker-registry><docker-trusted-registry>,39,2015/6/18
P162,https://stackoverflow.com/questions/69747576,how do I add root certificate and keep only in docker build time?,<docker><ssl-certificate>,2,2021/10/28
P163,https://stackoverflow.com/questions/42304494,Does docker build run commands twice?,<docker><docker-compose><dockerfile>,1,2017/2/17
P164,https://stackoverflow.com/questions/66737098,How to start multiple microservices after docker build finished for .net projects?,<docker><microservices>,1,2021/3/21
P165,https://stackoverflow.com/questions/66747430,EXPOSE and CMD are ignored when running docker build,<docker>,6,2021/3/22
P166,https://stackoverflow.com/questions/47244868,"""docker build -f"" command does not seem to progress and shows no error",<tomcat><docker><dockerfile>,1,2017/11/12
P167,https://stackoverflow.com/questions/42735468,Execute command on host during docker build,<docker><dockerfile>,86,2017/3/11
P168,https://stackoverflow.com/questions/62663360,getting error while using docker-compose build: __init__() got an unexpected keyword argument 'interpolate',<python><flask><dotenv>,3,2020/6/30
P169,https://stackoverflow.com/questions/29986190,docker build is very slow even with simple commands,<arm><docker>,10,2015/5/1
P170,https://stackoverflow.com/questions/60675579,Why does pip (using --find-links) still collect some dependencies from the internet despite a wheel existing for it in multi-stage docker build?,<python><docker><alpine-linux>,1,2020/3/13
P171,https://stackoverflow.com/questions/60709500,Runnin docker build generates the following error "unknown instruction: EXPAND-ARCHIVE",<docker>,1,2020/3/16
P172,https://stackoverflow.com/questions/62668101,Updating apt breaks my docker build on Ubuntu 18.04,<linux><docker><ubuntu><apt>,2,2020/7/1
P173,https://stackoverflow.com/questions/29432712,Is there a way to add a prompt during the docker build process?,<shell><docker><prompt>,15,2015/4/3
P174,https://stackoverflow.com/questions/60799918,using nuget cache inside a docker build with .net core when offline,<macos><caching><.net-core><nuget><dockerfile>,5,2020/3/22
P175,https://stackoverflow.com/questions/60973375,.Net resource with files content make docker build fail,<.net><docker><.net-core><resx>,4,2020/4/1
P176,https://stackoverflow.com/questions/70387160,ENV vars for docker build in multi-stage build,<docker>,2,2021/12/17
P177,https://stackoverflow.com/questions/35168615,what is the difference between --force-rm and --rm when running docker build command,<docker>,37,2016/2/3
P178,https://stackoverflow.com/questions/41617577,ASP.NET Core run angular build before docker build,<azure><angular><docker><asp.net-core>,1,2017/1/12
P179,https://stackoverflow.com/questions/60522767,docker build with maven - how to prevent re-downloading dependencies,<java><maven><docker>,22,2020/3/4
P180,https://stackoverflow.com/questions/61762189,Installing GNU-Parallel: How to enter "will cite" from docker build?,<docker><gnu-parallel>,8,2020/5/12
P181,https://stackoverflow.com/questions/41250326,I keep getting the "docker build" requires exactly 1 argument(s) error,<asp.net><powershell><docker><dockerfile>,16,2016/12/20
P182,https://stackoverflow.com/questions/41001885,"After docker build . the container is not displayed, why?",<docker>,14,2016/12/6
P183,https://stackoverflow.com/questions/27308194,What are the pros and cons of docker pull and docker build from Dockerfile?,<docker><dockerhub>,3,2014/12/5
P184,https://stackoverflow.com/questions/70371397,heroku.yml not respecting docker build target,<heroku><docker-multi-stage-build>,2,2021/12/15
P185,https://stackoverflow.com/questions/43742197,`sudo docker build .` fails from Docker snap package,<docker><snapcraft>,1,2017/5/2
P186,https://stackoverflow.com/questions/61017779,Does automatically updating my package.json at commit time disable docker build to reuse cache?,<docker><caching><npm><docker-build>,1,2020/4/3
P187,https://stackoverflow.com/questions/63476497,docker build with Ubuntu 18.04 image hangs after prompting for Country of origin for keyboard,<docker><build><ubuntu-18.04>,10,2020/8/18
P188,https://stackoverflow.com/questions/65365797,docker buildx "exec user process caused: exec format error",<docker><rust><buildx>,14,2020/12/19
P189,https://stackoverflow.com/questions/65405562,Is there a way to clean docker build cache?,<macos><docker>,49,2020/12/22
P190,https://stackoverflow.com/questions/19537645,How to get an environment variable value into Dockerfile during "docker build"?,<docker><dockerfile><docker-build>,378,2013/10/23
P191,https://stackoverflow.com/questions/28996907,docker: "build" requires 1 argument. See 'docker build --help',<docker>,494,2015/3/11
P192,https://stackoverflow.com/questions/63784248,Google cloud build - provide assets to docker build step,<google-cloud-build>,2,2020/9/7
P193,https://stackoverflow.com/questions/44596075,docker build : Fatal error: Class 'Memcached' not found,<php><symfony><docker><memcached><dockerfile>,1,2017/6/16
P194,https://stackoverflow.com/questions/46084775,docker build how to run intermediate containers with centos:systemd,<docker><zend-framework><ibm-cloud><dockerfile>,1,2017/9/6
P195,https://stackoverflow.com/questions/50908914,docker-compose build not uses latest code,<visual-studio><asp.net-core><docker-compose>,2,2018/6/18
P196,https://stackoverflow.com/questions/65955998,How to specify GIT_ACCESS_TOKEN for the docker build command?,<docker><github>,1,2021/1/29
P197,https://stackoverflow.com/questions/71148343,Can't docker build a Golang project with internal packages,<docker><go><dockerfile>,4,2022/2/16
P198,https://stackoverflow.com/questions/65981042,Host an API on Heroku using a manual docker build,<docker><heroku><fastapi><uvicorn>,2,2021/1/31
P199,https://stackoverflow.com/questions/66446874,Right way to use secret flag in docker buildkit,<docker><docker-buildkit>,5,2021/3/2
P200,https://stackoverflow.com/questions/41575054,How to log docker build installation package errors,<logging><docker><docker-build>,3,2017/1/10
P201,https://stackoverflow.com/questions/63504571,How to redirect docker build output to a file?,<docker><logging><build>,4,2020/8/20
P202,https://stackoverflow.com/questions/65376574,docker build skipping Dockerfile CMD,<node.js><docker><dockerfile>,1,2020/12/20
P203,https://stackoverflow.com/questions/51756012,yum -y install not assuming yes in docker build,<docker><dockerfile><centos7><yum>,5,2018/8/8
P204,https://stackoverflow.com/questions/65968965,Multistage docker build: stat reports that NVIDIA file does not exist while it does,<docker><nvidia><nvidia-docker>,2,2021/1/30
P205,https://stackoverflow.com/questions/63483643,docker-compose build takes a very long time is there a verbose/debug log I can enable when building?,<docker><docker-compose>,1,2020/8/19
P206,https://stackoverflow.com/questions/51767596,docker build image not working in PyCharm,<python><docker><pycharm>,3,2018/8/9
P207,https://stackoverflow.com/questions/66438759,"docker build failed on npm install, reason: connect ECONNREFUSED 104.16.17.35:443",<node.js><docker><ubuntu>,1,2021/3/2
P208,https://stackoverflow.com/questions/42400290,Create files / folders on docker-compose build or docker-compose up,<docker><docker-compose><dockerfile>,25,2017/2/22
P209,https://stackoverflow.com/questions/42614853,Why I cannot get output of tail of a file created by docker build,<docker><dockerfile>,7,2017/3/5
P210,https://stackoverflow.com/questions/51073346,Can I skip using docker-compose build --no-cache if I do a docker-compose pull?,<docker><docker-compose>,4,2018/6/28
P211,https://stackoverflow.com/questions/42216296,No such file or directory in docker build,<docker>,5,2017/2/14
P212,https://stackoverflow.com/questions/62800191,run npm ci hangs on docker build ubuntu,<docker><ionic-framework><npm><ubuntu-16.04>,1,2020/7/8
P213,https://stackoverflow.com/questions/35526532,How to add an elasticsearch index during docker build,<elasticsearch><docker>,40,2016/2/20
P214,https://stackoverflow.com/questions/35774714,How to cache the RUN npm install instruction when docker build a Dockerfile,<node.js><docker><dockerfile>,155,2016/3/3
P215,https://stackoverflow.com/questions/42245708,Passing parameter in docker build command with fish,<bash><shell><docker><parameters><fish>,2,2017/2/15
P216,https://stackoverflow.com/questions/51781256,What does this command do?: `docker build . -f Dockerfile2 -t `,<docker><dockerfile>,1,2018/8/10
P217,https://stackoverflow.com/questions/61689167,error in docker build - Err:1 http://deb.debian.org/debian stretch/main amd64 unzip amd64 6.0-21+deb9u1 404 Not Found,<docker><debian><apt-get>,2,2020/5/8
P218,https://stackoverflow.com/questions/71187980,Improving docker build time for pip based python application,<python><docker><pip>,1,2022/2/19
P219,https://stackoverflow.com/questions/61893963,error with docker build stage of CodeBuild build,<amazon-web-services><aws-codebuild>,9,2020/5/19
P220,https://stackoverflow.com/questions/62208229,Could not find 'bundler' (2.1.4) required by your /home/rails/webapp/Gemfile.lock. (Gem::GemNotFoundException) running docker build,<ruby-on-rails><docker><rubygems><bundler>,11,2020/6/5
P221,https://stackoverflow.com/questions/25031339,How to force docker build to use devpi server for pip install command?,<pip><docker><devpi>,5,2014/7/30
P222,https://stackoverflow.com/questions/35780124,What is the difference b/w a docker image generated by docker-compose build vs docker build?,<docker><docker-compose><dockerfile>,6,2016/3/3
P223,https://stackoverflow.com/questions/61491484,How to cache docker-compose build inside github-action,<github><docker-compose><github-actions><docker-build><building-github-actions>,20,2020/4/28
P224,https://stackoverflow.com/questions/69860182,How to detect if the current script is running in a docker build?,<linux><bash><docker><shell><dockerfile>,5,2021/11/5
P225,https://stackoverflow.com/questions/43085429,Run docker build in ubuntu:16.04 docker,<ubuntu><docker>,1,2017/3/29
P226,https://stackoverflow.com/questions/34755232,How do I get the address of the host when using 'docker build'?,<docker>,1,2016/1/12
P227,https://stackoverflow.com/questions/70255238,typescript tsc -p fails ONLY in docker build,<typescript><docker>,3,2021/12/7
P228,https://stackoverflow.com/questions/70521766,Visual Studio generated Dockerfile does not work with manual docker build,<docker><visual-studio><.net-core><dockerfile>,5,2021/12/29
P229,https://stackoverflow.com/questions/35552791,How to provide and use command line arguments in docker build?,<docker><dockerfile>,4,2016/2/22
P230,https://stackoverflow.com/questions/62250548,Is it possible to cache docker-compose builds on Gitlab CI/CD?,<docker><docker-compose><gitlab>,1,2020/6/7
P231,https://stackoverflow.com/questions/63130795,does docker build --no-cache builds different layers?,<docker><caching><build>,4,2020/7/28
P232,https://stackoverflow.com/questions/69871759,docker build command tries to connect https to insecure registry,<docker>,1,2021/11/7
P233,https://stackoverflow.com/questions/62484158,docker-compose build contains unsupported option: 'network',<docker><docker-compose>,3,2020/6/20
P234,https://stackoverflow.com/questions/43418188,SSH agent forwarding during docker build,<docker><docker-compose><dockerfile><ssh-keys><docker-image>,42,2017/4/14
P235,https://stackoverflow.com/questions/43638034,How to log into an Amazon CodeBuild docker build container?,<amazon-web-services><aws-codebuild>,1,2017/4/26
P236,https://stackoverflow.com/questions/67798862,Pip3 is unable to install requirements.txt during docker build,<python><docker><pip><dockerfile>,6,2021/6/2
P237,https://stackoverflow.com/questions/48831447,docker-compose build args not passing to Dockerfile,<docker><docker-compose>,45,2018/2/16
P238,https://stackoverflow.com/questions/47610730,docker build go app private github,<docker><go><jenkins><kubernetes>,1,2017/12/2
P239,https://stackoverflow.com/questions/67151492,Run docker build inside Jenkins Docker Slave,<docker><jenkins><continuous-integration><devops>,1,2021/4/18
P240,https://stackoverflow.com/questions/48668070,docker image build vs docker build,<docker>,26,2018/2/7
P241,https://stackoverflow.com/questions/68310933,why docker build send build context to docker daemon so slow,<docker>,4,2021/7/9
P242,https://stackoverflow.com/questions/68878523,My nextjs docker-compose build fails to generate static pages. Can't get data from another hasura container while building.ECONNREFUSED 127.0.0.1:8080,<docker><docker-compose><next.js><hasura>,1,2021/8/22
P243,https://stackoverflow.com/questions/69020535,How to prevent docker build from redownloading copied Go vendor,<docker><go><caching>,8,2021/9/1
P244,https://stackoverflow.com/questions/50724647,"docker-compose build, how to tag image",<docker><docker-compose>,11,2018/6/6
P245,https://stackoverflow.com/questions/48675505,Is it possible to set a MAC address for `docker build`?,<docker><dockerfile><docker-build>,16,2018/2/8
P246,https://stackoverflow.com/questions/48721516,"Is git pull, docker-compose build and docker-compose up -d a good way to deploy complete solution on an empty machine",<docker><docker-compose>,3,2018/2/10
P247,https://stackoverflow.com/questions/70295661,Copy directory into docker build no matter if empty or not - fails on "COPY failed: no source files were specified",<docker><dockerfile><docker-build><docker-copy>,3,2021/12/9
P248,https://stackoverflow.com/questions/69918178,Is there a way to set path for docker build with the github action plugin docker/build-push-action@v1,<docker><github><dockerfile><github-actions>,2,2021/11/10
P249,https://stackoverflow.com/questions/26220957,How can I inspect the file system of a failed `docker build`?,<debugging><docker><cpanm>,460,2014/10/6
P250,https://stackoverflow.com/questions/65139531,npm run build is not cached when running docker build with kaniko cache,<docker><dockerfile><google-cloud-build><kaniko>,4,2020/12/4
P251,https://stackoverflow.com/questions/65139901,docker build failure - failed to export image: failed to set parent sha256:xxx: unknown parent image ID,<docker><docker-image><docker-build>,1,2020/12/4
P252,https://stackoverflow.com/questions/35892414,Running gem install in a docker build hangs,<docker><rubygems>,2,2016/3/9
P253,https://stackoverflow.com/questions/66040914,npm run build failing because of TypeScript error in docker build,<reactjs><npm><antd>,2,2021/2/4
P254,https://stackoverflow.com/questions/29157013,Dockerfile HOSTNAME Instruction for docker build like docker run -h,<docker><dockerfile>,9,2015/3/19
P255,https://stackoverflow.com/questions/47021562,How can I execute a shell command to populate a docker-compose build arg?,<docker><docker-compose>,4,2017/10/30
P256,https://stackoverflow.com/questions/45493924,Easiest way to do docker build command within Jenkinsfile running on Jenkins slave node?,<docker><jenkins><kubernetes><jenkins-pipeline>,7,2017/8/3
P257,https://stackoverflow.com/questions/45503162,Why is my docker build command failing with an "invalid id" error?,<docker><dockerfile>,1,2017/8/4
P258,https://stackoverflow.com/questions/65156453,error invalid windows mount type: 'bind' on Windows 10 docker build of Windows container,<windows><docker><dockerfile><windows-server-container>,7,2020/12/5
P259,https://stackoverflow.com/questions/65522049,docker build command doesn't refresh my source files,<docker>,1,2020/12/31
P260,https://stackoverflow.com/questions/46517241,"""docker build"" requires exactly 1 argument(s)",<docker><dockerfile>,76,2017/10/1
P261,https://stackoverflow.com/questions/65580085,How to see docker build "RUN command" stdout? (docker for windows),<docker><docker-for-windows><docker-build>,40,2021/1/5
P262,https://stackoverflow.com/questions/66068918,Setup VS CODE tasks.json to use buildArgs for my docker build,<docker><visual-studio-code>,1,2021/2/5
P263,https://stackoverflow.com/questions/28622112,Sending docker build contexts,<docker>,1,2015/2/20
P264,https://stackoverflow.com/questions/49851203,Can I "rehydrate" a docker build cache from a remote container repository?,<docker><caching><asp.net-core><appveyor><docker-build>,5,2018/4/16
P265,https://stackoverflow.com/questions/46636743,Why would i want to docker build from a repo URL?,<git><docker><containers><dockerfile>,1,2017/10/8
P266,https://stackoverflow.com/questions/47003498,starting a docker container with an image created using "docker-compose build",<docker>,1,2017/10/29
P267,https://stackoverflow.com/questions/66914933,docker build error Gem::Ext::BuildError: ERROR: Failed to build gem native extension for mimemagic-0.3.9,<ruby-on-rails><docker><dockerfile><ruby-on-rails-5>,10,2021/4/2
P268,https://stackoverflow.com/questions/75763024,How to see all output when executing `docker build`,<bash><docker>,7,2023/3/17
P269,https://stackoverflow.com/questions/57661351,Pass arg to docker build,<docker><docker-build>,3,2019/8/26
P270,https://stackoverflow.com/questions/56690527,MongoDB docker build failing due to Fatal Assertion 28558 at src/mongo/db/storage/wiredtiger/wiredtiger_util.cpp 365,<mongodb><docker-compose>,1,2019/6/20
P271,https://stackoverflow.com/questions/56665703,Tarantool docker build issue: libprofiler.so,<tarantool>,1,2019/6/19
P272,https://stackoverflow.com/questions/76938071,when i run this command "$ docker build --pull -t e45 . " in file .gitlab-ci.yml i get error,<docker><dockerfile><gitlab-ci><devops><gitlab-ci-runner>,1,2023/8/20
P273,https://stackoverflow.com/questions/57883269,docker build throws java.net.AbstractPlainSocketImpl.connect UnknownHostException with jenkins dind slave + kubernetes plugin,<jenkins><kubernetes><dns><amazon-eks><docker-in-docker>,1,2019/9/11
P274,https://stackoverflow.com/questions/56590443,Install modules with perlbrew and cpm - perlbrew switch does not change @INC during docker build,<perl><docker><perlbrew><cpanm>,2,2019/6/14
P275,https://stackoverflow.com/questions/57617401,"Invalid framework identifier Dotnet restore, docker build",<c#><docker><asp.net-core><.net-core><dockerfile>,3,2019/8/22
P276,https://stackoverflow.com/questions/57633273,docker/docker-compose build --pull behavior,<docker><docker-compose><docker-machine>,2,2019/8/23
P277,https://stackoverflow.com/questions/75940814,Unable to run apt-get within docker build,<docker><ubuntu><apt-get>,2,2023/4/5
P278,https://stackoverflow.com/questions/76025457,Jenkins docker build with NFS pv hangs,<docker><kubernetes><jenkins><nfs>,1,2023/4/16
P279,https://stackoverflow.com/questions/77039347,How to extract image name and tag from docker-compose build output,<azure><docker><shell><docker-compose><devops>,1,2023/9/4
P280,https://stackoverflow.com/questions/58018300,Using a pip cache directory in docker builds,<python><docker><caching><pip><continuous-integration>,90,2019/9/19
P281,https://stackoverflow.com/questions/39342310,Dockerfile build error when use apt-get install gcc,<docker><dockerfile><docker-build>,1,2016/9/6
P282,https://stackoverflow.com/questions/46383653,Unknown Instruction ln Docker File in RUN,<docker><dockerfile><docker-build>,8,2017/9/23
P283,https://stackoverflow.com/questions/69798822,dockerBuild fails resulting in an unsupported class file major version 61 error,<java><docker><maven><docker-build><jib>,2,2021/11/1
P284,https://stackoverflow.com/questions/39580443,Docker images wont run in background,<docker><dockerfile><docker-build>,2,2016/9/19
P285,https://stackoverflow.com/questions/39623686,Docker build ends with error "the command ... returned a non-zero code: 100",<docker><dockerfile><docker-build>,1,2016/9/21
P286,https://stackoverflow.com/questions/39639999,Set values on image build for a Docker container,<docker><containers><development-environment><docker-build>,1,2016/9/22
P287,https://stackoverflow.com/questions/38787763,Docker build command with --tag unable to tag images,<docker><dockerfile><docker-build>,25,2016/8/5
P288,https://stackoverflow.com/questions/58515795,Use linux commands in Docker file and build on windows,<linux><windows><docker><dockerfile><docker-build>,1,2019/10/23
P289,https://stackoverflow.com/questions/58447165,Docker build with custom path and custom filename not working,<docker><docker-build><docker-desktop>,4,2019/10/18
P290,https://stackoverflow.com/questions/39305614,"Docker build: mkdir creates folders, but they disappear in runtime",<docker><docker-compose><docker-build>,1,2016/9/3
P291,https://stackoverflow.com/questions/54125505,Dockerfile - Hide --build-args from showing up in the build time,<docker><dockerfile><docker-build>,9,2019/1/10
P292,https://stackoverflow.com/questions/75028042,Nginx can't load /usr/share/nginx/html/ files are missing,<javascript><docker><nginx><dockerfile><docker-build>,2,2023/1/6
P293,https://stackoverflow.com/questions/46697980,Are there ways to access files removed from intermediate layer after docker 1.10?,<security><docker><dockerfile><docker-build>,1,2017/10/11
P294,https://stackoverflow.com/questions/56029559,Fail if --build-arg is not passed,<docker><docker-build>,4,2019/5/7
P295,https://stackoverflow.com/questions/61357736,Docker build error OCI runtime create failed "exec: \"/bin/bash\": stat /bin/bash,<docker><dockerfile><docker-build>,14,2020/4/22
P296,https://stackoverflow.com/questions/43613474,Using X11-forwarding for Docker containers,<r><user-interface><docker><dockerfile><docker-build>,3,2017/4/25
P297,https://stackoverflow.com/questions/61806238,Azure-DevOps: Automatic increment docker tag in Azure Pipeline,<azure-devops><yaml><azure-pipelines><docker-build>,4,2020/5/14
P298,https://stackoverflow.com/questions/76054252,problem in building image file with docker,<node.js><docker><dockerfile><docker-image><docker-build>,1,2023/4/19
P299,https://stackoverflow.com/questions/39838650,how to properly build spring boot docker image using Dockerfile?,<docker><spring-boot><docker-build>,2,2016/10/3
P300,https://stackoverflow.com/questions/39841746,What is the proper set up for Maven to communicate with Docker daemon on Mac?,<maven><docker><docker-build>,1,2016/10/3
P301,https://stackoverflow.com/questions/75530260,Tag Docker image with the same version as in Dockerfile,<docker><docker-build>,1,2023/2/22
P302,https://stackoverflow.com/questions/63084974,Docker build not recognizing environment variable passed as `build-arg`,<docker><environment-variables><docker-build>,1,2020/7/25
P303,https://stackoverflow.com/questions/63096214,How to set breakpoint in Dockerfile itself?,<docker><dockerfile><breakpoints><docker-image><docker-build>,15,2020/7/26
P304,https://stackoverflow.com/questions/67261873,Building Docker image as non root user,<docker><dockerfile><docker-build>,15,2021/4/26
P305,https://stackoverflow.com/questions/48402906,How to set system-wide environment variables in dockerfile from a file inside the docker container?,<shell><docker><environment-variables><dockerfile><docker-build>,5,2018/1/23
P306,https://stackoverflow.com/questions/60319669,Why should I use docker ONBUILD?,<docker><dockerfile><docker-build>,3,2020/2/20
P307,https://stackoverflow.com/questions/45049741,"""virtual memory exhausted"" when building Docker image",<c++><macos><docker><virtual-memory><docker-build>,1,2017/7/12
P308,https://stackoverflow.com/questions/48397719,Docker build does not proceed after finishing RUN statement,<docker><dockerfile><docker-build>,5,2018/1/23
P309,https://stackoverflow.com/questions/62775893,Container Build error - failed to shutdown container - container encountered an error during Shutdown,<docker><dockerfile><vmware><docker-for-windows><docker-build>,3,2020/7/7
P310,https://stackoverflow.com/questions/46759710,Build docker image in Jenkins (in docker container) pipeline,<docker><jenkins><docker-build>,9,2017/10/15
P311,https://stackoverflow.com/questions/46814242,Prevent docker from building the image from scratch after making changes to the code,<docker><docker-build>,9,2017/10/18
P312,https://stackoverflow.com/questions/45660774,Mounting Maven Repository to Docker,<java><maven><docker><dockerfile><docker-build>,9,2017/8/13
P313,https://stackoverflow.com/questions/65322701,OSX Docker Build: How can I see the full build output? (--progress=plain not the solution!),<macos><docker><terminal><dockerfile><docker-build>,14,2020/12/16
P314,https://stackoverflow.com/questions/59664899,Does build context size affect the image size?,<docker><docker-build><docker-daemon>,6,2020/1/9
P315,https://stackoverflow.com/questions/65788262,Change base image based on condition in dockerfile,<docker><docker-compose><dockerfile><docker-build>,4,2021/1/19
P316,https://stackoverflow.com/questions/60450479,Using ARG and ENV in Dockerfile,<docker><dockerfile><docker-build>,22,2020/2/28
P317,https://stackoverflow.com/questions/59684674,Should I add Python's pyc files to .dockerignore?,<python><docker><compilation><docker-build>,25,2020/1/10
P318,https://stackoverflow.com/questions/61292368,Docker ERROR: unsatisfiable constraints when using apk,<docker><dockerfile><docker-image><docker-build>,1,2020/4/18
P319,https://stackoverflow.com/questions/65348661,Docker: One or more build-args [SSH_PRIVATE_KEY] were not consumed (but it should have),<docker><warnings><docker-build>,1,2020/12/17
P320,https://stackoverflow.com/questions/49914411,How to build docker image with local package inside folder with main.go?,<docker><go><docker-build>,7,2018/4/19
P321,https://stackoverflow.com/questions/67314909,How to copy an Azure DevOps build artifact to a Docker image build in the same pipeline?,<azure-devops><docker-build>,4,2021/4/29
P322,https://stackoverflow.com/questions/44400325,Docker build seems to not see requirements.txt even though it's in same directory,<python><django><docker><gunicorn><docker-build>,6,2017/6/6
P323,https://stackoverflow.com/questions/65187311,How to run different ENTRYPOINT commands in docker-compose.yml for different build environments?,<docker><docker-compose><docker-build>,6,2020/12/7
P324,https://stackoverflow.com/questions/61977760,Automatic removing of danging images and supporting cache at same time for multi-stage builds,<docker><dockerfile><docker-build>,1,2020/5/23
P325,https://stackoverflow.com/questions/65234362,Should I copy `package-lock.json` to the container image in Dockerfile?,<docker><npm><dockerfile><package.json><docker-build>,19,2020/12/10
P326,https://stackoverflow.com/questions/68096589,Build Docker Image sometimes takes too long in Visual Studio,<c#><docker><.net-core><docker-image><docker-build>,3,2021/6/23
P327,https://stackoverflow.com/questions/61533023,How do I build docker-compose container from source for x86_64 and an arm arch? (Please provide a source image with `from` prior to commit),<docker><docker-compose><arm><x86-64><docker-build>,1,2020/4/30
P328,https://stackoverflow.com/questions/60845995,Docker build does not use cache from npm ci,<node.js><json><docker><npm><docker-build>,2,2020/3/25
P329,https://stackoverflow.com/questions/70408381,Docker BuildKit returning '/run/secrets/<secret-id>: No such file or directory' when passing secrets to container using Azure DevOps build pipeline,<docker><azure-devops><dockerfile><environment-variables><docker-buildkit>,1,2021/12/19
P330,https://stackoverflow.com/questions/64978200,How to fix error "npm ERR! could not detect node name from path or package" when building simple app with docker and nodeJS?,<docker><docker-build>,12,2020/11/23
P331,https://stackoverflow.com/questions/50855712,Is it possible to build a Linux docker image on VSTS 2017 Hosted agent?,<linux><docker><azure-devops><azure-pipelines><docker-build>,4,2018/6/14
P332,https://stackoverflow.com/questions/44270241,Docker: Can a secret created and deleted in a single RUN command be recovered from the resulting image?,<docker><docker-build>,2,2017/5/30
P333,https://stackoverflow.com/questions/50920866,Pass ARG to ENTRYPOINT,<docker><dockerfile><docker-build><docker-entrypoint><docker-run>,13,2018/6/19
P334,https://stackoverflow.com/questions/70533842,docker compose building and starting timeout,<docker><docker-compose><timeout><httprequest><docker-build>,2,2021/12/30
P335,https://stackoverflow.com/questions/45417773,How do i solve the error "No such file or directory" error when building with Dockerfile,<docker><.net-core><dockerfile><docker-build>,1,2017/7/31
P336,https://stackoverflow.com/questions/63782358,How to remove docker proxy settings?,<docker><docker-build>,4,2020/9/7
P337,https://stackoverflow.com/questions/50937857,Check if Docker image exists in cloud repo,<docker><dockerfile><docker-build>,5,2018/6/19
P338,https://stackoverflow.com/questions/35451745,docker file not found,<java><maven><docker><docker-build>,2,2016/2/17
P339,https://stackoverflow.com/questions/51071252,Docker image not copying files names starting with,<docker><kubernetes><docker-build>,1,2018/6/27
P340,https://stackoverflow.com/questions/61459775,"Docker BuildKit --mount=type=cache not working, why?",<macos><docker><caching><pip><docker-buildkit>,9,2020/4/27
P341,https://stackoverflow.com/questions/45363771,Docker build from Dockerfile with more memory,<docker><memory><docker-build><neural-mt>,33,2017/7/28
P342,https://stackoverflow.com/questions/43237183,dockerfile: how use CMD or ENTRYPOINT from base image,<docker><dockerfile><docker-build>,36,2017/4/5
P343,https://stackoverflow.com/questions/35437225,Docker image of Java project,<java><maven><docker><docker-build>,2,2016/2/16
P344,https://stackoverflow.com/questions/41966824,"Docker: Unable to correct problems, you have held broken packages",<docker><debian><dockerfile><docker-build>,5,2017/1/31
P345,https://stackoverflow.com/questions/61628083,"During build, on what basis does docker decide whether to create a new layer or use an existing layer?",<docker><docker-image><docker-build>,1,2020/5/6
P346,https://stackoverflow.com/questions/35457585,Files not getting added in docker workspace,<java><maven><docker><docker-build>,2,2016/2/17
P347,https://stackoverflow.com/questions/42964839,What is the most light weight base image I can use to build a Dockerfile?,<docker><dockerfile><docker-build>,34,2017/3/22
P348,https://stackoverflow.com/questions/26056130,Git clone verbose output?,<git><git-clone><docker-build><verbose>,66,2014/9/26
P349,https://stackoverflow.com/questions/65431757,Logs for failed Docker build,<node.js><docker><node-modules><docker-build>,1,2020/12/23
P350,https://stackoverflow.com/questions/51067663,how to get docker images details that are built using fabric8 maven plugin?,<maven><docker><fabric8><docker-build>,2,2018/6/27
P351,https://stackoverflow.com/questions/62132327,Is `.` destination for the ADD/COPY dockerfile commands resolved with respect to WORKDIR?,<docker><dockerfile><docker-image><docker-build>,1,2020/6/1
P352,https://stackoverflow.com/questions/62146400,"In a dockerfile, how to delete a directory and its contents from docker image? (windows)",<windows><powershell><docker><dockerfile><docker-build>,3,2020/6/2
P353,https://stackoverflow.com/questions/63120325,"In a Docker Build with the build-arg flag,values are not getting passed correctly",<docker><docker-compose><dockerfile><docker-build>,3,2020/7/27
P354,https://stackoverflow.com/questions/43638004,Docker: build with different results compared to manual step-by-step build,<docker><dockerfile><docker-build>,1,2017/4/26
P355,https://stackoverflow.com/questions/67391438,Docker build failed to compute cache key,<docker><windows-10><dockerfile><visual-studio-2019><docker-buildkit>,10,2021/5/4
P356,https://stackoverflow.com/questions/68984133,Error: "Failed to solve with frontend dockerfile.v0: failed to create LLB definition: no match for platform in manifest" when building a Docker image,<docker><windows-10><docker-image><docker-desktop><docker-build>,64,2021/8/30
P357,https://stackoverflow.com/questions/70293110,Docker build: how to get full RUN command output?,<docker><docker-build><docker-buildkit>,10,2021/12/9
P358,https://stackoverflow.com/questions/35907435,Docker dependency issue: Rake aborted! LoadError: cannot load such file -- sqlite3/sqlite3_native,<ruby-on-rails><docker><gemfile><bundle-install><docker-build>,3,2016/3/10
P359,https://stackoverflow.com/questions/35928789,How to build a large docker image with relatively small disk space consumption?,<docker><dockerfile><docker-build>,2,2016/3/10
P360,https://stackoverflow.com/questions/73748838,Why are there repeated layers on Docker image?,<docker><containers><docker-registry><docker-image><docker-build>,1,2022/9/16
P361,https://stackoverflow.com/questions/62593004,Docker Buildx Cannot Pull From Local for Inherited Image,<docker><dockerfile><embedded-linux><docker-registry><docker-buildkit>,12,2020/6/26
P362,https://stackoverflow.com/questions/67739346,ADD and COPY with existing relative path fails when building a docker image,<docker><docker-build><docker-copy>,1,2021/5/28
P363,https://stackoverflow.com/questions/44546180,Docker build produces many unnamed images,<python><docker><docker-build>,2,2017/6/14
P364,https://stackoverflow.com/questions/48781708,"Change network settings (net.ipv4.ip_default_ttl) in Dockerfile (or, ideally, for any container)",<docker><dockerfile><docker-network><docker-build>,1,2018/2/14
P365,https://stackoverflow.com/questions/65564137,Docker Build with /dev/shm exec,<docker><dockerfile><docker-build>,2,2021/1/4
P366,https://stackoverflow.com/questions/71123507,Invalid argument for "-t --tag" flag: invalid reference format,<docker><docker-build>,15,2022/2/15
P367,https://stackoverflow.com/questions/56710128,How to use buildKit's Go client,<docker><docker-build>,1,2019/6/21
P368,https://stackoverflow.com/questions/57723501,Unspecified error (0x80004005) while running a Docker build,<docker><docker-build>,4,2019/8/30
P369,https://stackoverflow.com/questions/35586778,Docker container doesn't expose ports when --net=host is mentioned in the docker run command,<docker><ip><dockerfile><docker-build>,63,2016/2/23
P370,https://stackoverflow.com/questions/51073068,"Conditional logic in Dockerfile, using --build-arg",<docker><dockerfile><docker-build>,2,2018/6/28
P371,https://stackoverflow.com/questions/61930630,How to build a docker image in another directory?,<docker><path><docker-image><docker-build>,2,2020/5/21
P372,https://stackoverflow.com/questions/62208432,Can we control case sensitivity of contents in .dockerignore file?,<docker><dockerfile><docker-build><dockerignore>,5,2020/6/5
P373,https://stackoverflow.com/questions/50291827,Why can't I use the build arg again after FROM in a Dockerfile?,<docker><dockerfile><docker-build>,7,2018/5/11
P374,https://stackoverflow.com/questions/64403659,Docker BuildX image not showing in docker image ls,<docker><docker-buildkit><docker-cli>,17,2020/10/17
P375,https://stackoverflow.com/questions/46571482,How do I use Docker's --cache-from build flag in a declarative Jenkins pipeline?,<docker><jenkins><jenkins-pipeline><docker-build>,6,2017/10/4
P376,https://stackoverflow.com/questions/57581943,--mount=type=cache in buildkit,<maven><docker><dockerfile><docker-build>,22,2019/8/20
P377,https://stackoverflow.com/questions/77000139,Extract output from DockerFIle RUN instruction into a LABEL instruction,<docker><docker-image><docker-build>,1,2023/8/29
P378,https://stackoverflow.com/questions/50126741,How to remove intermediate images from a build after the build?,<docker><docker-build>,66,2018/5/2
P379,https://stackoverflow.com/questions/56492013,Docker build on github branch cannot find file specified,<git><docker><docker-build>,1,2019/6/7
P380,https://stackoverflow.com/questions/75732883,Docker --build-arg defined but not mandatory,<docker><dockerfile><github-actions><docker-build>,1,2023/3/14
P381,https://stackoverflow.com/questions/47425440,What happens when the base image of my image gets updated?,<docker><dockerfile><docker-build>,3,2017/11/22
P382,https://stackoverflow.com/questions/58018658,Why does `chmod` cause `docker build` to run out of disk space,<docker><diskspace><docker-build>,3,2019/9/19
P383,https://stackoverflow.com/questions/71198085,Creating Docker image for a dotnet 6 application - Type '' already defines a member called '' with the same parameter types,<docker><asp.net-web-api><.net-6.0><docker-image><docker-build>,1,2022/2/20
P384,https://stackoverflow.com/questions/52963486,Installation of python module using `pip` during `docker build` fails,<python><docker><pip><ubuntu-16.04><docker-build>,2,2018/10/24
P385,https://stackoverflow.com/questions/72550184,Using ARG in my Dockerfile but still getting "Failed to replace env in config" when running my build,<docker><dockerfile><environment-variables><docker-build><npmrc>,1,2022/6/8
P386,https://stackoverflow.com/questions/54275736,Is there a real use case of declaring more than one CMD in the dockerfile?,<docker><dockerfile><docker-container><docker-build><docker-run>,1,2019/1/20
P387,https://stackoverflow.com/questions/54498167,Dockerfile COPY from image to host,<docker><copy><docker-build>,11,2019/2/2
P388,https://stackoverflow.com/questions/54873288,Docker container - what's the best practice to inject to it a sensitive data,<docker><environment-variables><docker-container><docker-build><docker-exec>,1,2019/2/25
P389,https://stackoverflow.com/questions/68520864,How to disable loading metadata while executing Docker build?,<docker><docker-desktop><docker-build>,9,2021/7/25
P390,https://stackoverflow.com/questions/71202967,how to create a docker image/container from two existing containers,<docker><docker-build>,1,2022/2/21
P391,https://stackoverflow.com/questions/37815524,Docker build tag repository name,<docker><docker-build>,23,2016/6/14
P392,https://stackoverflow.com/questions/37982317,Docker compose doesn't recognize 'env_file',<docker><environment-variables><docker-compose><dockerfile><docker-build>,5,2016/6/23
P393,https://stackoverflow.com/questions/38010664,Copy files inside of docker image during build,<docker><docker-volume><docker-build>,9,2016/6/24
P394,https://stackoverflow.com/questions/73933469,How to specify where to push using docker buildx build command,<docker><docker-buildkit>,5,2022/10/3
P395,https://stackoverflow.com/questions/54783504,Using variables across multi-stage docker build,<dockerfile><docker-build><docker-multi-stage-build>,7,2019/2/20
P396,https://stackoverflow.com/questions/69205158,docker build command using ssh url to git repo: Permission denied,<git><macos><docker><ssh><docker-build>,2,2021/9/16
P397,https://stackoverflow.com/questions/72308864,Docker Build Issue: No Such File or Directory,<docker><containers><docker-build>,2,2022/5/19
P398,https://stackoverflow.com/questions/52904847,How do I copy variables between stages of multi stage Docker build?,<docker><dockerfile><docker-build><docker-multi-stage-build>,31,2018/10/20
P399,https://stackoverflow.com/questions/67853670,docker build not setting up environment variables using ENV,<docker><environment-variables><dockerfile><docker-build>,1,2021/6/5
P400,https://stackoverflow.com/questions/67910547,Why Docker COPY doesn't change file permissions? (--chmod),<linux><docker><file-permissions><chmod><docker-build>,31,2021/6/9
P401,https://stackoverflow.com/questions/55259717,Why to use -f in docker build command,<docker><docker-build>,2,2019/3/20
P402,https://stackoverflow.com/questions/52915701,displaying help messages while docker build,<docker><docker-build>,20,2018/10/21
P403,https://stackoverflow.com/questions/72431236,Docker BuildKit not Parallelizing Independent Stages without `echo`s,<docker><parallel-processing><cpu-usage><docker-build><docker-buildkit>,4,2022/5/30
P404,https://stackoverflow.com/questions/53058682,Running Docker Parent image and Base image on top of parent image,<docker><docker-image><docker-build><docker-run>,4,2018/10/30
P405,https://stackoverflow.com/questions/55171489,Pass Gitlab Secrets to docker build in CI,<docker><environment-variables><gitlab-ci><docker-build>,2,2019/3/14
P406,https://stackoverflow.com/questions/55258711,Gitlab CI: How to avoid rebuilding of images on each commit,<gitlab><gitlab-ci><gitlab-ci-runner><docker-build>,3,2019/3/20
P407,https://stackoverflow.com/questions/74548141,/bin/sh: zypper: not found (Docker),<docker><dockerfile><opensuse><docker-build>,1,2022/11/23
P408,https://stackoverflow.com/questions/69359842,Docker cache from command for new pulled images doesnt work,<docker><caching><dockerfile><docker-image><docker-build>,2,2021/9/28
P409,https://stackoverflow.com/questions/55474823,HelloWorld Apama Docker Application,<docker><docker-build><apama>,2,2019/4/2
P410,https://stackoverflow.com/questions/74774114,Using docker buildx github action cache without official actions,<docker><caching><github-actions><docker-buildkit><github-actions-artifacts>,5,2022/12/12
P411,https://stackoverflow.com/questions/49844055,Docker: How to use multistage images after build finishes,<docker><docker-build><docker-multi-stage-build>,8,2018/4/15
P412,https://stackoverflow.com/questions/56834929,Why docker-daemon is not accessible in minikube VM?,<docker><minikube><docker-build>,2,2019/7/1
P413,https://stackoverflow.com/questions/53167546,Running shell script while building docker image,<shell><docker><dockerfile><docker-build>,4,2018/11/6
P414,https://stackoverflow.com/questions/70960867,Keep a process running throughout docker build process,<docker><dockerfile><docker-build>,1,2022/2/2
P415,https://stackoverflow.com/questions/52280594,Docker Copy Command fails,<docker><asp.net-core><dockerfile><docker-desktop><docker-build>,3,2018/9/11
P416,https://stackoverflow.com/questions/74793665,Can I use Docker buildkit to provide an ssh key to a non-root user?,<ssh><pip><dockerfile><docker-buildkit>,3,2022/12/14
P417,https://stackoverflow.com/questions/76174572,Can't install Nodejs 14 in a Dockerfile with Ubuntu 18.04 baseimage in Openshift,<node.js><docker><dockerfile><openshift><docker-build>,1,2023/5/4
P418,https://stackoverflow.com/questions/71771929,How can I read --secret args passed to docker build as environment variables to write to a file?,<docker><dockerfile><docker-buildkit>,1,2022/4/6
P419,https://stackoverflow.com/questions/72781751,Segmentation fault in Docker build command with NPM install,<linux><docker><amazon-ebs><docker-build>,4,2022/6/28
P420,https://stackoverflow.com/questions/53802995,CPU resources during docker build command on Windows,<docker><docker-for-windows><docker-build>,3,2018/12/16
P421,https://stackoverflow.com/questions/72993501,Set expiration or max-age limit for docker build --cache-from with BuildKit,<docker><caching><continuous-integration><bitbucket-pipelines><docker-buildkit>,1,2022/7/15
P422,https://stackoverflow.com/questions/73285152,Can you pass multiple Docker BuildKit secrets at once?,<docker><docker-buildkit>,2,2022/8/8
P423,https://stackoverflow.com/questions/57043912,How to connect docker images of ASP.NET Core (code first) and SQL server,<c#><sql-server><docker><docker-build><nopcommerce-4.2>,5,2019/7/15
P424,https://stackoverflow.com/questions/52211895,docker build - Avoid ADDing files only needed at build time,<docker><dockerfile><docker-build>,6,2018/9/6
P425,https://stackoverflow.com/questions/38457669,"docker build with Dockerfile, but the image has no name or tag",<docker><docker-build><docker-for-mac><docker-desktop>,66,2016/7/19
P426,https://stackoverflow.com/questions/72153993,Docker COPY destination path not found,<docker><dockerfile><docker-build>,2,2022/5/7
P427,https://stackoverflow.com/questions/73067660,What exactly is the frontend and backend of docker buildkit?,<docker><dockerfile><docker-build><docker-buildkit>,10,2022/7/21
P428,https://stackoverflow.com/questions/53925101,Sync independent clients build outputs to one docker web server build,<docker><kubernetes><webserver><docker-build>,1,2018/12/25
P429,https://stackoverflow.com/questions/54004629,Docker build with Jenkins issue,<docker><jenkins><jenkins-pipeline><docker-build><jenkins-docker>,2,2019/1/2
P430,https://stackoverflow.com/questions/73154436,WARNING: Running pip as the 'root' user can result in broken permissions and conflicting behaviour with the system package manager,<python><docker><pip><python-poetry><docker-build>,1,2022/7/28
